abbrev,type,category,priority,sourceFile,sourcepath,start,end
,,,,,,,
Bx,DM_NUMBER_CTOR,PERFORMANCE,2,AmbienteConverter.java,br/gov/caixa/siget/converter/AmbienteConverter.java,,
Bx,DM_NUMBER_CTOR,PERFORMANCE,2,AmbienteConverter.java,br/gov/caixa/siget/converter/AmbienteConverter.java,22,32
Bx,DM_NUMBER_CTOR,PERFORMANCE,2,Long.java,java/lang/Long.java,964,966
Bx,DM_NUMBER_CTOR,PERFORMANCE,2,Long.java,java/lang/Long.java,803,803
Bx,DM_NUMBER_CTOR,PERFORMANCE,2,AmbienteConverter.java,br/gov/caixa/siget/converter/AmbienteConverter.java,25,25
SS,SS_SHOULD_BE_STATIC,PERFORMANCE,2,BemConverter.java,br/gov/caixa/siget/converter/BemConverter.java,,
SS,SS_SHOULD_BE_STATIC,PERFORMANCE,2,BemConverter.java,br/gov/caixa/siget/converter/BemConverter.java,,
SS,SS_SHOULD_BE_STATIC,PERFORMANCE,2,BemConverter.java,br/gov/caixa/siget/converter/BemConverter.java,14,14
Bx,DM_NUMBER_CTOR,PERFORMANCE,2,CanalConverter.java,br/gov/caixa/siget/converter/CanalConverter.java,,
Bx,DM_NUMBER_CTOR,PERFORMANCE,2,CanalConverter.java,br/gov/caixa/siget/converter/CanalConverter.java,22,32
Bx,DM_NUMBER_CTOR,PERFORMANCE,2,Long.java,java/lang/Long.java,964,966
Bx,DM_NUMBER_CTOR,PERFORMANCE,2,Long.java,java/lang/Long.java,803,803
Bx,DM_NUMBER_CTOR,PERFORMANCE,2,CanalConverter.java,br/gov/caixa/siget/converter/CanalConverter.java,25,25
Bx,DM_NUMBER_CTOR,PERFORMANCE,2,FornecedorConverter.java,br/gov/caixa/siget/converter/FornecedorConverter.java,,
Bx,DM_NUMBER_CTOR,PERFORMANCE,2,FornecedorConverter.java,br/gov/caixa/siget/converter/FornecedorConverter.java,22,32
Bx,DM_NUMBER_CTOR,PERFORMANCE,2,Long.java,java/lang/Long.java,964,966
Bx,DM_NUMBER_CTOR,PERFORMANCE,2,Long.java,java/lang/Long.java,803,803
Bx,DM_NUMBER_CTOR,PERFORMANCE,2,FornecedorConverter.java,br/gov/caixa/siget/converter/FornecedorConverter.java,25,25
Bx,DM_NUMBER_CTOR,PERFORMANCE,2,GrupoFornecedorConverter.java,br/gov/caixa/siget/converter/GrupoFornecedorConverter.java,,
Bx,DM_NUMBER_CTOR,PERFORMANCE,2,GrupoFornecedorConverter.java,br/gov/caixa/siget/converter/GrupoFornecedorConverter.java,23,34
Bx,DM_NUMBER_CTOR,PERFORMANCE,2,Long.java,java/lang/Long.java,964,966
Bx,DM_NUMBER_CTOR,PERFORMANCE,2,Long.java,java/lang/Long.java,803,803
Bx,DM_NUMBER_CTOR,PERFORMANCE,2,GrupoFornecedorConverter.java,br/gov/caixa/siget/converter/GrupoFornecedorConverter.java,26,26
SS,SS_SHOULD_BE_STATIC,PERFORMANCE,2,ItemOrcamentarioConverter.java,br/gov/caixa/siget/converter/ItemOrcamentarioConverter.java,,
SS,SS_SHOULD_BE_STATIC,PERFORMANCE,2,ItemOrcamentarioConverter.java,br/gov/caixa/siget/converter/ItemOrcamentarioConverter.java,,
SS,SS_SHOULD_BE_STATIC,PERFORMANCE,2,ItemOrcamentarioConverter.java,br/gov/caixa/siget/converter/ItemOrcamentarioConverter.java,15,15
Bx,DM_NUMBER_CTOR,PERFORMANCE,2,ItemOrcamentarioNumeroConverter.java,br/gov/caixa/siget/converter/ItemOrcamentarioNumeroConverter.java,,
Bx,DM_NUMBER_CTOR,PERFORMANCE,2,ItemOrcamentarioNumeroConverter.java,br/gov/caixa/siget/converter/ItemOrcamentarioNumeroConverter.java,23,34
Bx,DM_NUMBER_CTOR,PERFORMANCE,2,Long.java,java/lang/Long.java,964,966
Bx,DM_NUMBER_CTOR,PERFORMANCE,2,Long.java,java/lang/Long.java,803,803
Bx,DM_NUMBER_CTOR,PERFORMANCE,2,ItemOrcamentarioNumeroConverter.java,br/gov/caixa/siget/converter/ItemOrcamentarioNumeroConverter.java,26,26
Bx,DM_NUMBER_CTOR,PERFORMANCE,2,ObjetivoEstrategicoConverter.java,br/gov/caixa/siget/converter/ObjetivoEstrategicoConverter.java,,
Bx,DM_NUMBER_CTOR,PERFORMANCE,2,ObjetivoEstrategicoConverter.java,br/gov/caixa/siget/converter/ObjetivoEstrategicoConverter.java,22,32
Bx,DM_NUMBER_CTOR,PERFORMANCE,2,Long.java,java/lang/Long.java,964,966
Bx,DM_NUMBER_CTOR,PERFORMANCE,2,Long.java,java/lang/Long.java,803,803
Bx,DM_NUMBER_CTOR,PERFORMANCE,2,ObjetivoEstrategicoConverter.java,br/gov/caixa/siget/converter/ObjetivoEstrategicoConverter.java,25,25
SS,SS_SHOULD_BE_STATIC,PERFORMANCE,2,PadestConverter.java,br/gov/caixa/siget/converter/PadestConverter.java,,
SS,SS_SHOULD_BE_STATIC,PERFORMANCE,2,PadestConverter.java,br/gov/caixa/siget/converter/PadestConverter.java,,
SS,SS_SHOULD_BE_STATIC,PERFORMANCE,2,PadestConverter.java,br/gov/caixa/siget/converter/PadestConverter.java,14,14
Bx,DM_NUMBER_CTOR,PERFORMANCE,2,PlataformaConverter.java,br/gov/caixa/siget/converter/PlataformaConverter.java,,
Bx,DM_NUMBER_CTOR,PERFORMANCE,2,PlataformaConverter.java,br/gov/caixa/siget/converter/PlataformaConverter.java,22,32
Bx,DM_NUMBER_CTOR,PERFORMANCE,2,Long.java,java/lang/Long.java,964,966
Bx,DM_NUMBER_CTOR,PERFORMANCE,2,Long.java,java/lang/Long.java,803,803
Bx,DM_NUMBER_CTOR,PERFORMANCE,2,PlataformaConverter.java,br/gov/caixa/siget/converter/PlataformaConverter.java,25,25
Bx,DM_NUMBER_CTOR,PERFORMANCE,2,ProjetoConverter.java,br/gov/caixa/siget/converter/ProjetoConverter.java,,
Bx,DM_NUMBER_CTOR,PERFORMANCE,2,ProjetoConverter.java,br/gov/caixa/siget/converter/ProjetoConverter.java,22,32
Bx,DM_NUMBER_CTOR,PERFORMANCE,2,Long.java,java/lang/Long.java,964,966
Bx,DM_NUMBER_CTOR,PERFORMANCE,2,Long.java,java/lang/Long.java,803,803
Bx,DM_NUMBER_CTOR,PERFORMANCE,2,ProjetoConverter.java,br/gov/caixa/siget/converter/ProjetoConverter.java,25,25
SS,SS_SHOULD_BE_STATIC,PERFORMANCE,2,ServicoConverter.java,br/gov/caixa/siget/converter/ServicoConverter.java,,
SS,SS_SHOULD_BE_STATIC,PERFORMANCE,2,ServicoConverter.java,br/gov/caixa/siget/converter/ServicoConverter.java,,
SS,SS_SHOULD_BE_STATIC,PERFORMANCE,2,ServicoConverter.java,br/gov/caixa/siget/converter/ServicoConverter.java,14,14
Bx,DM_NUMBER_CTOR,PERFORMANCE,2,TipoDemandaConverter.java,br/gov/caixa/siget/converter/TipoDemandaConverter.java,,
Bx,DM_NUMBER_CTOR,PERFORMANCE,2,TipoDemandaConverter.java,br/gov/caixa/siget/converter/TipoDemandaConverter.java,22,32
Bx,DM_NUMBER_CTOR,PERFORMANCE,2,Long.java,java/lang/Long.java,964,966
Bx,DM_NUMBER_CTOR,PERFORMANCE,2,Long.java,java/lang/Long.java,803,803
Bx,DM_NUMBER_CTOR,PERFORMANCE,2,TipoDemandaConverter.java,br/gov/caixa/siget/converter/TipoDemandaConverter.java,25,25
SS,SS_SHOULD_BE_STATIC,PERFORMANCE,2,UnidadeMedidaConverter.java,br/gov/caixa/siget/converter/UnidadeMedidaConverter.java,,
SS,SS_SHOULD_BE_STATIC,PERFORMANCE,2,UnidadeMedidaConverter.java,br/gov/caixa/siget/converter/UnidadeMedidaConverter.java,,
SS,SS_SHOULD_BE_STATIC,PERFORMANCE,2,UnidadeMedidaConverter.java,br/gov/caixa/siget/converter/UnidadeMedidaConverter.java,14,14
Bx,DM_NUMBER_CTOR,PERFORMANCE,2,ViewUnidadeConverter.java,br/gov/caixa/siget/converter/ViewUnidadeConverter.java,,
Bx,DM_NUMBER_CTOR,PERFORMANCE,2,ViewUnidadeConverter.java,br/gov/caixa/siget/converter/ViewUnidadeConverter.java,23,35
Bx,DM_NUMBER_CTOR,PERFORMANCE,2,Long.java,java/lang/Long.java,964,966
Bx,DM_NUMBER_CTOR,PERFORMANCE,2,Long.java,java/lang/Long.java,803,803
Bx,DM_NUMBER_CTOR,PERFORMANCE,2,ViewUnidadeConverter.java,br/gov/caixa/siget/converter/ViewUnidadeConverter.java,27,27
Bx,DM_NUMBER_CTOR,PERFORMANCE,2,ViewUnidadeConverter.java,br/gov/caixa/siget/converter/ViewUnidadeConverter.java,28,28
ME,ME_ENUM_FIELD_SETTER,BAD_PRACTICE,2,CategoriaENUM.java,br/gov/caixa/siget/dominio/CategoriaENUM.java,,
ME,ME_ENUM_FIELD_SETTER,BAD_PRACTICE,2,CategoriaENUM.java,br/gov/caixa/siget/dominio/CategoriaENUM.java,28,29
ME,ME_ENUM_FIELD_SETTER,BAD_PRACTICE,2,CategoriaENUM.java,br/gov/caixa/siget/dominio/CategoriaENUM.java,,
ME,ME_ENUM_FIELD_SETTER,BAD_PRACTICE,2,CategoriaENUM.java,br/gov/caixa/siget/dominio/CategoriaENUM.java,28,28
ME,ME_ENUM_FIELD_SETTER,BAD_PRACTICE,2,CategoriaENUM.java,br/gov/caixa/siget/dominio/CategoriaENUM.java,,
ME,ME_ENUM_FIELD_SETTER,BAD_PRACTICE,2,CategoriaENUM.java,br/gov/caixa/siget/dominio/CategoriaENUM.java,20,21
ME,ME_ENUM_FIELD_SETTER,BAD_PRACTICE,2,CategoriaENUM.java,br/gov/caixa/siget/dominio/CategoriaENUM.java,,
ME,ME_ENUM_FIELD_SETTER,BAD_PRACTICE,2,CategoriaENUM.java,br/gov/caixa/siget/dominio/CategoriaENUM.java,20,20
ME,ME_ENUM_FIELD_SETTER,BAD_PRACTICE,2,FaseENUM.java,br/gov/caixa/siget/dominio/FaseENUM.java,,
ME,ME_ENUM_FIELD_SETTER,BAD_PRACTICE,2,FaseENUM.java,br/gov/caixa/siget/dominio/FaseENUM.java,33,34
ME,ME_ENUM_FIELD_SETTER,BAD_PRACTICE,2,FaseENUM.java,br/gov/caixa/siget/dominio/FaseENUM.java,,
ME,ME_ENUM_FIELD_SETTER,BAD_PRACTICE,2,FaseENUM.java,br/gov/caixa/siget/dominio/FaseENUM.java,33,33
ME,ME_ENUM_FIELD_SETTER,BAD_PRACTICE,2,FaseENUM.java,br/gov/caixa/siget/dominio/FaseENUM.java,,
ME,ME_ENUM_FIELD_SETTER,BAD_PRACTICE,2,FaseENUM.java,br/gov/caixa/siget/dominio/FaseENUM.java,25,26
ME,ME_ENUM_FIELD_SETTER,BAD_PRACTICE,2,FaseENUM.java,br/gov/caixa/siget/dominio/FaseENUM.java,,
ME,ME_ENUM_FIELD_SETTER,BAD_PRACTICE,2,FaseENUM.java,br/gov/caixa/siget/dominio/FaseENUM.java,25,25
ME,ME_ENUM_FIELD_SETTER,BAD_PRACTICE,2,NivelAcessoENUM.java,br/gov/caixa/siget/dominio/NivelAcessoENUM.java,,
ME,ME_ENUM_FIELD_SETTER,BAD_PRACTICE,2,NivelAcessoENUM.java,br/gov/caixa/siget/dominio/NivelAcessoENUM.java,36,37
ME,ME_ENUM_FIELD_SETTER,BAD_PRACTICE,2,NivelAcessoENUM.java,br/gov/caixa/siget/dominio/NivelAcessoENUM.java,,
ME,ME_ENUM_FIELD_SETTER,BAD_PRACTICE,2,NivelAcessoENUM.java,br/gov/caixa/siget/dominio/NivelAcessoENUM.java,36,36
ME,ME_ENUM_FIELD_SETTER,BAD_PRACTICE,2,NivelAcessoENUM.java,br/gov/caixa/siget/dominio/NivelAcessoENUM.java,,
ME,ME_ENUM_FIELD_SETTER,BAD_PRACTICE,2,NivelAcessoENUM.java,br/gov/caixa/siget/dominio/NivelAcessoENUM.java,28,29
ME,ME_ENUM_FIELD_SETTER,BAD_PRACTICE,2,NivelAcessoENUM.java,br/gov/caixa/siget/dominio/NivelAcessoENUM.java,,
ME,ME_ENUM_FIELD_SETTER,BAD_PRACTICE,2,NivelAcessoENUM.java,br/gov/caixa/siget/dominio/NivelAcessoENUM.java,28,28
ME,ME_ENUM_FIELD_SETTER,BAD_PRACTICE,2,SituacaoENUM.java,br/gov/caixa/siget/dominio/SituacaoENUM.java,,
ME,ME_ENUM_FIELD_SETTER,BAD_PRACTICE,2,SituacaoENUM.java,br/gov/caixa/siget/dominio/SituacaoENUM.java,29,30
ME,ME_ENUM_FIELD_SETTER,BAD_PRACTICE,2,SituacaoENUM.java,br/gov/caixa/siget/dominio/SituacaoENUM.java,,
ME,ME_ENUM_FIELD_SETTER,BAD_PRACTICE,2,SituacaoENUM.java,br/gov/caixa/siget/dominio/SituacaoENUM.java,29,29
ME,ME_ENUM_FIELD_SETTER,BAD_PRACTICE,2,SituacaoENUM.java,br/gov/caixa/siget/dominio/SituacaoENUM.java,,
ME,ME_ENUM_FIELD_SETTER,BAD_PRACTICE,2,SituacaoENUM.java,br/gov/caixa/siget/dominio/SituacaoENUM.java,21,22
ME,ME_ENUM_FIELD_SETTER,BAD_PRACTICE,2,SituacaoENUM.java,br/gov/caixa/siget/dominio/SituacaoENUM.java,,
ME,ME_ENUM_FIELD_SETTER,BAD_PRACTICE,2,SituacaoENUM.java,br/gov/caixa/siget/dominio/SituacaoENUM.java,21,21
ME,ME_ENUM_FIELD_SETTER,BAD_PRACTICE,2,SituacaoOrcamentoENUM.java,br/gov/caixa/siget/dominio/SituacaoOrcamentoENUM.java,,
ME,ME_ENUM_FIELD_SETTER,BAD_PRACTICE,2,SituacaoOrcamentoENUM.java,br/gov/caixa/siget/dominio/SituacaoOrcamentoENUM.java,31,32
ME,ME_ENUM_FIELD_SETTER,BAD_PRACTICE,2,SituacaoOrcamentoENUM.java,br/gov/caixa/siget/dominio/SituacaoOrcamentoENUM.java,,
ME,ME_ENUM_FIELD_SETTER,BAD_PRACTICE,2,SituacaoOrcamentoENUM.java,br/gov/caixa/siget/dominio/SituacaoOrcamentoENUM.java,31,31
ME,ME_ENUM_FIELD_SETTER,BAD_PRACTICE,2,SituacaoOrcamentoENUM.java,br/gov/caixa/siget/dominio/SituacaoOrcamentoENUM.java,,
ME,ME_ENUM_FIELD_SETTER,BAD_PRACTICE,2,SituacaoOrcamentoENUM.java,br/gov/caixa/siget/dominio/SituacaoOrcamentoENUM.java,23,24
ME,ME_ENUM_FIELD_SETTER,BAD_PRACTICE,2,SituacaoOrcamentoENUM.java,br/gov/caixa/siget/dominio/SituacaoOrcamentoENUM.java,,
ME,ME_ENUM_FIELD_SETTER,BAD_PRACTICE,2,SituacaoOrcamentoENUM.java,br/gov/caixa/siget/dominio/SituacaoOrcamentoENUM.java,23,23
ME,ME_ENUM_FIELD_SETTER,BAD_PRACTICE,2,TipoContratacaoENUM.java,br/gov/caixa/siget/dominio/TipoContratacaoENUM.java,,
ME,ME_ENUM_FIELD_SETTER,BAD_PRACTICE,2,TipoContratacaoENUM.java,br/gov/caixa/siget/dominio/TipoContratacaoENUM.java,32,33
ME,ME_ENUM_FIELD_SETTER,BAD_PRACTICE,2,TipoContratacaoENUM.java,br/gov/caixa/siget/dominio/TipoContratacaoENUM.java,,
ME,ME_ENUM_FIELD_SETTER,BAD_PRACTICE,2,TipoContratacaoENUM.java,br/gov/caixa/siget/dominio/TipoContratacaoENUM.java,32,32
ME,ME_ENUM_FIELD_SETTER,BAD_PRACTICE,2,TipoContratacaoENUM.java,br/gov/caixa/siget/dominio/TipoContratacaoENUM.java,,
ME,ME_ENUM_FIELD_SETTER,BAD_PRACTICE,2,TipoContratacaoENUM.java,br/gov/caixa/siget/dominio/TipoContratacaoENUM.java,24,25
ME,ME_ENUM_FIELD_SETTER,BAD_PRACTICE,2,TipoContratacaoENUM.java,br/gov/caixa/siget/dominio/TipoContratacaoENUM.java,,
ME,ME_ENUM_FIELD_SETTER,BAD_PRACTICE,2,TipoContratacaoENUM.java,br/gov/caixa/siget/dominio/TipoContratacaoENUM.java,24,24
ME,ME_ENUM_FIELD_SETTER,BAD_PRACTICE,2,TipoContratacaoENUM.java,br/gov/caixa/siget/dominio/TipoContratacaoENUM.java,,
ME,ME_ENUM_FIELD_SETTER,BAD_PRACTICE,2,TipoContratacaoENUM.java,br/gov/caixa/siget/dominio/TipoContratacaoENUM.java,40,41
ME,ME_ENUM_FIELD_SETTER,BAD_PRACTICE,2,TipoContratacaoENUM.java,br/gov/caixa/siget/dominio/TipoContratacaoENUM.java,,
ME,ME_ENUM_FIELD_SETTER,BAD_PRACTICE,2,TipoContratacaoENUM.java,br/gov/caixa/siget/dominio/TipoContratacaoENUM.java,40,40
ME,ME_ENUM_FIELD_SETTER,BAD_PRACTICE,2,TipoEmpregadoENUM.java,br/gov/caixa/siget/dominio/TipoEmpregadoENUM.java,,
ME,ME_ENUM_FIELD_SETTER,BAD_PRACTICE,2,TipoEmpregadoENUM.java,br/gov/caixa/siget/dominio/TipoEmpregadoENUM.java,29,30
ME,ME_ENUM_FIELD_SETTER,BAD_PRACTICE,2,TipoEmpregadoENUM.java,br/gov/caixa/siget/dominio/TipoEmpregadoENUM.java,,
ME,ME_ENUM_FIELD_SETTER,BAD_PRACTICE,2,TipoEmpregadoENUM.java,br/gov/caixa/siget/dominio/TipoEmpregadoENUM.java,29,29
ME,ME_ENUM_FIELD_SETTER,BAD_PRACTICE,2,TipoEmpregadoENUM.java,br/gov/caixa/siget/dominio/TipoEmpregadoENUM.java,,
ME,ME_ENUM_FIELD_SETTER,BAD_PRACTICE,2,TipoEmpregadoENUM.java,br/gov/caixa/siget/dominio/TipoEmpregadoENUM.java,21,22
ME,ME_ENUM_FIELD_SETTER,BAD_PRACTICE,2,TipoEmpregadoENUM.java,br/gov/caixa/siget/dominio/TipoEmpregadoENUM.java,,
ME,ME_ENUM_FIELD_SETTER,BAD_PRACTICE,2,TipoEmpregadoENUM.java,br/gov/caixa/siget/dominio/TipoEmpregadoENUM.java,21,21
HE,HE_EQUALS_USE_HASHCODE,BAD_PRACTICE,1,Bem.java,br/gov/caixa/siget/entity/Bem.java,,
HE,HE_EQUALS_USE_HASHCODE,BAD_PRACTICE,1,Bem.java,br/gov/caixa/siget/entity/Bem.java,59,71
EI,EI_EXPOSE_REP,MALICIOUS_CODE,2,BemServico.java,br/gov/caixa/siget/entity/BemServico.java,,
EI,EI_EXPOSE_REP,MALICIOUS_CODE,2,BemServico.java,br/gov/caixa/siget/entity/BemServico.java,146,146
EI,EI_EXPOSE_REP,MALICIOUS_CODE,2,BemServico.java,br/gov/caixa/siget/entity/BemServico.java,,
EI,EI_EXPOSE_REP,MALICIOUS_CODE,2,BemServico.java,br/gov/caixa/siget/entity/BemServico.java,146,146
EI2,EI_EXPOSE_REP2,MALICIOUS_CODE,2,BemServico.java,br/gov/caixa/siget/entity/BemServico.java,,
EI2,EI_EXPOSE_REP2,MALICIOUS_CODE,2,BemServico.java,br/gov/caixa/siget/entity/BemServico.java,150,151
EI2,EI_EXPOSE_REP2,MALICIOUS_CODE,2,BemServico.java,br/gov/caixa/siget/entity/BemServico.java,,
EI2,EI_EXPOSE_REP2,MALICIOUS_CODE,2,,,,
EI2,EI_EXPOSE_REP2,MALICIOUS_CODE,2,BemServico.java,br/gov/caixa/siget/entity/BemServico.java,150,150
HE,HE_EQUALS_USE_HASHCODE,BAD_PRACTICE,1,BemServico.java,br/gov/caixa/siget/entity/BemServico.java,,
HE,HE_EQUALS_USE_HASHCODE,BAD_PRACTICE,1,BemServico.java,br/gov/caixa/siget/entity/BemServico.java,256,279
RCN,RCN_REDUNDANT_NULLCHECK_OF_NONNULL_VALUE,STYLE,3,BemServico.java,br/gov/caixa/siget/entity/BemServico.java,,
RCN,RCN_REDUNDANT_NULLCHECK_OF_NONNULL_VALUE,STYLE,3,BemServico.java,br/gov/caixa/siget/entity/BemServico.java,237,247
RCN,RCN_REDUNDANT_NULLCHECK_OF_NONNULL_VALUE,STYLE,3,BemServico.java,br/gov/caixa/siget/entity/BemServico.java,196,204
RCN,RCN_REDUNDANT_NULLCHECK_OF_NONNULL_VALUE,STYLE,3,BemServico.java,br/gov/caixa/siget/entity/BemServico.java,239,239
REC,REC_CATCH_EXCEPTION,STYLE,3,BemServico.java,br/gov/caixa/siget/entity/BemServico.java,,
REC,REC_CATCH_EXCEPTION,STYLE,3,BemServico.java,br/gov/caixa/siget/entity/BemServico.java,237,247
REC,REC_CATCH_EXCEPTION,STYLE,3,BemServico.java,br/gov/caixa/siget/entity/BemServico.java,244,244
EI,EI_EXPOSE_REP,MALICIOUS_CODE,2,ConsultaHistorico.java,br/gov/caixa/siget/entity/ConsultaHistorico.java,,
EI,EI_EXPOSE_REP,MALICIOUS_CODE,2,ConsultaHistorico.java,br/gov/caixa/siget/entity/ConsultaHistorico.java,51,51
EI,EI_EXPOSE_REP,MALICIOUS_CODE,2,ConsultaHistorico.java,br/gov/caixa/siget/entity/ConsultaHistorico.java,,
EI,EI_EXPOSE_REP,MALICIOUS_CODE,2,ConsultaHistorico.java,br/gov/caixa/siget/entity/ConsultaHistorico.java,51,51
EI,EI_EXPOSE_REP,MALICIOUS_CODE,2,ConsultaHistorico.java,br/gov/caixa/siget/entity/ConsultaHistorico.java,,
EI,EI_EXPOSE_REP,MALICIOUS_CODE,2,ConsultaHistorico.java,br/gov/caixa/siget/entity/ConsultaHistorico.java,43,43
EI,EI_EXPOSE_REP,MALICIOUS_CODE,2,ConsultaHistorico.java,br/gov/caixa/siget/entity/ConsultaHistorico.java,,
EI,EI_EXPOSE_REP,MALICIOUS_CODE,2,ConsultaHistorico.java,br/gov/caixa/siget/entity/ConsultaHistorico.java,43,43
EI2,EI_EXPOSE_REP2,MALICIOUS_CODE,2,ConsultaHistorico.java,br/gov/caixa/siget/entity/ConsultaHistorico.java,,
EI2,EI_EXPOSE_REP2,MALICIOUS_CODE,2,ConsultaHistorico.java,br/gov/caixa/siget/entity/ConsultaHistorico.java,55,56
EI2,EI_EXPOSE_REP2,MALICIOUS_CODE,2,ConsultaHistorico.java,br/gov/caixa/siget/entity/ConsultaHistorico.java,,
EI2,EI_EXPOSE_REP2,MALICIOUS_CODE,2,,,,
EI2,EI_EXPOSE_REP2,MALICIOUS_CODE,2,ConsultaHistorico.java,br/gov/caixa/siget/entity/ConsultaHistorico.java,55,55
EI2,EI_EXPOSE_REP2,MALICIOUS_CODE,2,ConsultaHistorico.java,br/gov/caixa/siget/entity/ConsultaHistorico.java,,
EI2,EI_EXPOSE_REP2,MALICIOUS_CODE,2,ConsultaHistorico.java,br/gov/caixa/siget/entity/ConsultaHistorico.java,47,48
EI2,EI_EXPOSE_REP2,MALICIOUS_CODE,2,ConsultaHistorico.java,br/gov/caixa/siget/entity/ConsultaHistorico.java,,
EI2,EI_EXPOSE_REP2,MALICIOUS_CODE,2,,,,
EI2,EI_EXPOSE_REP2,MALICIOUS_CODE,2,ConsultaHistorico.java,br/gov/caixa/siget/entity/ConsultaHistorico.java,47,47
Nm,NM_FIELD_NAMING_CONVENTION,BAD_PRACTICE,3,ContatoFornecedor.java,br/gov/caixa/siget/entity/ContatoFornecedor.java,,
Nm,NM_FIELD_NAMING_CONVENTION,BAD_PRACTICE,3,ContatoFornecedor.java,br/gov/caixa/siget/entity/ContatoFornecedor.java,,
DLS,DLS_DEAD_LOCAL_STORE,STYLE,3,Demanda.java,br/gov/caixa/siget/entity/Demanda.java,,
DLS,DLS_DEAD_LOCAL_STORE,STYLE,3,Demanda.java,br/gov/caixa/siget/entity/Demanda.java,695,730
DLS,DLS_DEAD_LOCAL_STORE,STYLE,3,,,,
DLS,DLS_DEAD_LOCAL_STORE,STYLE,3,Demanda.java,br/gov/caixa/siget/entity/Demanda.java,727,727
DLS,DLS_DEAD_LOCAL_STORE,STYLE,3,,,,
DLS,DLS_DEAD_LOCAL_STORE,STYLE,3,,,,
DLS,DLS_DEAD_LOCAL_STORE,STYLE,3,,,,
DLS,DLS_DEAD_LOCAL_STORE,STYLE,3,,,,
Bx,DM_NUMBER_CTOR,PERFORMANCE,2,Demanda.java,br/gov/caixa/siget/entity/Demanda.java,,
Bx,DM_NUMBER_CTOR,PERFORMANCE,2,Demanda.java,br/gov/caixa/siget/entity/Demanda.java,695,730
Bx,DM_NUMBER_CTOR,PERFORMANCE,2,Integer.java,java/lang/Integer.java,866,868
Bx,DM_NUMBER_CTOR,PERFORMANCE,2,Integer.java,java/lang/Integer.java,766,766
Bx,DM_NUMBER_CTOR,PERFORMANCE,2,Demanda.java,br/gov/caixa/siget/entity/Demanda.java,705,705
Bx,DM_NUMBER_CTOR,PERFORMANCE,2,Demanda.java,br/gov/caixa/siget/entity/Demanda.java,712,712
Bx,DM_NUMBER_CTOR,PERFORMANCE,2,Demanda.java,br/gov/caixa/siget/entity/Demanda.java,726,726
REC,REC_CATCH_EXCEPTION,STYLE,3,Demanda.java,br/gov/caixa/siget/entity/Demanda.java,,
REC,REC_CATCH_EXCEPTION,STYLE,3,Demanda.java,br/gov/caixa/siget/entity/Demanda.java,599,609
REC,REC_CATCH_EXCEPTION,STYLE,3,Demanda.java,br/gov/caixa/siget/entity/Demanda.java,606,606
EI,EI_EXPOSE_REP,MALICIOUS_CODE,2,HistoricoCompromisso.java,br/gov/caixa/siget/entity/HistoricoCompromisso.java,,
EI,EI_EXPOSE_REP,MALICIOUS_CODE,2,HistoricoCompromisso.java,br/gov/caixa/siget/entity/HistoricoCompromisso.java,78,78
EI,EI_EXPOSE_REP,MALICIOUS_CODE,2,HistoricoCompromisso.java,br/gov/caixa/siget/entity/HistoricoCompromisso.java,,
EI,EI_EXPOSE_REP,MALICIOUS_CODE,2,HistoricoCompromisso.java,br/gov/caixa/siget/entity/HistoricoCompromisso.java,78,78
EI2,EI_EXPOSE_REP2,MALICIOUS_CODE,2,HistoricoCompromisso.java,br/gov/caixa/siget/entity/HistoricoCompromisso.java,,
EI2,EI_EXPOSE_REP2,MALICIOUS_CODE,2,HistoricoCompromisso.java,br/gov/caixa/siget/entity/HistoricoCompromisso.java,82,83
EI2,EI_EXPOSE_REP2,MALICIOUS_CODE,2,HistoricoCompromisso.java,br/gov/caixa/siget/entity/HistoricoCompromisso.java,,
EI2,EI_EXPOSE_REP2,MALICIOUS_CODE,2,,,,
EI2,EI_EXPOSE_REP2,MALICIOUS_CODE,2,HistoricoCompromisso.java,br/gov/caixa/siget/entity/HistoricoCompromisso.java,82,82
EI,EI_EXPOSE_REP,MALICIOUS_CODE,2,HistoricoDemanda.java,br/gov/caixa/siget/entity/HistoricoDemanda.java,,
EI,EI_EXPOSE_REP,MALICIOUS_CODE,2,HistoricoDemanda.java,br/gov/caixa/siget/entity/HistoricoDemanda.java,201,201
EI,EI_EXPOSE_REP,MALICIOUS_CODE,2,HistoricoDemanda.java,br/gov/caixa/siget/entity/HistoricoDemanda.java,,
EI,EI_EXPOSE_REP,MALICIOUS_CODE,2,HistoricoDemanda.java,br/gov/caixa/siget/entity/HistoricoDemanda.java,201,201
EI2,EI_EXPOSE_REP2,MALICIOUS_CODE,2,HistoricoDemanda.java,br/gov/caixa/siget/entity/HistoricoDemanda.java,,
EI2,EI_EXPOSE_REP2,MALICIOUS_CODE,2,HistoricoDemanda.java,br/gov/caixa/siget/entity/HistoricoDemanda.java,205,206
EI2,EI_EXPOSE_REP2,MALICIOUS_CODE,2,HistoricoDemanda.java,br/gov/caixa/siget/entity/HistoricoDemanda.java,,
EI2,EI_EXPOSE_REP2,MALICIOUS_CODE,2,,,,
EI2,EI_EXPOSE_REP2,MALICIOUS_CODE,2,HistoricoDemanda.java,br/gov/caixa/siget/entity/HistoricoDemanda.java,205,205
EI,EI_EXPOSE_REP,MALICIOUS_CODE,2,HistoricoOrcamento.java,br/gov/caixa/siget/entity/HistoricoOrcamento.java,,
EI,EI_EXPOSE_REP,MALICIOUS_CODE,2,HistoricoOrcamento.java,br/gov/caixa/siget/entity/HistoricoOrcamento.java,97,97
EI,EI_EXPOSE_REP,MALICIOUS_CODE,2,HistoricoOrcamento.java,br/gov/caixa/siget/entity/HistoricoOrcamento.java,,
EI,EI_EXPOSE_REP,MALICIOUS_CODE,2,HistoricoOrcamento.java,br/gov/caixa/siget/entity/HistoricoOrcamento.java,97,97
EI2,EI_EXPOSE_REP2,MALICIOUS_CODE,2,HistoricoOrcamento.java,br/gov/caixa/siget/entity/HistoricoOrcamento.java,,
EI2,EI_EXPOSE_REP2,MALICIOUS_CODE,2,HistoricoOrcamento.java,br/gov/caixa/siget/entity/HistoricoOrcamento.java,105,106
EI2,EI_EXPOSE_REP2,MALICIOUS_CODE,2,HistoricoOrcamento.java,br/gov/caixa/siget/entity/HistoricoOrcamento.java,,
EI2,EI_EXPOSE_REP2,MALICIOUS_CODE,2,,,,
EI2,EI_EXPOSE_REP2,MALICIOUS_CODE,2,HistoricoOrcamento.java,br/gov/caixa/siget/entity/HistoricoOrcamento.java,105,105
REC,REC_CATCH_EXCEPTION,STYLE,3,ItemDemanda.java,br/gov/caixa/siget/entity/ItemDemanda.java,,
REC,REC_CATCH_EXCEPTION,STYLE,3,ItemDemanda.java,br/gov/caixa/siget/entity/ItemDemanda.java,220,232
REC,REC_CATCH_EXCEPTION,STYLE,3,ItemDemanda.java,br/gov/caixa/siget/entity/ItemDemanda.java,228,228
HE,HE_EQUALS_USE_HASHCODE,BAD_PRACTICE,1,Padest.java,br/gov/caixa/siget/entity/Padest.java,,
HE,HE_EQUALS_USE_HASHCODE,BAD_PRACTICE,1,Padest.java,br/gov/caixa/siget/entity/Padest.java,74,86
HE,HE_EQUALS_USE_HASHCODE,BAD_PRACTICE,1,Servico.java,br/gov/caixa/siget/entity/Servico.java,,
HE,HE_EQUALS_USE_HASHCODE,BAD_PRACTICE,1,Servico.java,br/gov/caixa/siget/entity/Servico.java,62,74
HE,HE_EQUALS_USE_HASHCODE,BAD_PRACTICE,1,UnidadeMedida.java,br/gov/caixa/siget/entity/UnidadeMedida.java,,
HE,HE_EQUALS_USE_HASHCODE,BAD_PRACTICE,1,UnidadeMedida.java,br/gov/caixa/siget/entity/UnidadeMedida.java,65,77
UCF,UCF_USELESS_CONTROL_FLOW,STYLE,2,ViewEmpregado.java,br/gov/caixa/siget/entity/ViewEmpregado.java,,
UCF,UCF_USELESS_CONTROL_FLOW,STYLE,2,ViewEmpregado.java,br/gov/caixa/siget/entity/ViewEmpregado.java,143,162
UCF,UCF_USELESS_CONTROL_FLOW,STYLE,2,ViewEmpregado.java,br/gov/caixa/siget/entity/ViewEmpregado.java,158,158
EI,EI_EXPOSE_REP,MALICIOUS_CODE,2,ViewUnidade.java,br/gov/caixa/siget/entity/ViewUnidade.java,,
EI,EI_EXPOSE_REP,MALICIOUS_CODE,2,ViewUnidade.java,br/gov/caixa/siget/entity/ViewUnidade.java,155,155
EI,EI_EXPOSE_REP,MALICIOUS_CODE,2,ViewUnidade.java,br/gov/caixa/siget/entity/ViewUnidade.java,,
EI,EI_EXPOSE_REP,MALICIOUS_CODE,2,ViewUnidade.java,br/gov/caixa/siget/entity/ViewUnidade.java,155,155
EI,EI_EXPOSE_REP,MALICIOUS_CODE,2,ViewUnidade.java,br/gov/caixa/siget/entity/ViewUnidade.java,,
EI,EI_EXPOSE_REP,MALICIOUS_CODE,2,ViewUnidade.java,br/gov/caixa/siget/entity/ViewUnidade.java,147,147
EI,EI_EXPOSE_REP,MALICIOUS_CODE,2,ViewUnidade.java,br/gov/caixa/siget/entity/ViewUnidade.java,,
EI,EI_EXPOSE_REP,MALICIOUS_CODE,2,ViewUnidade.java,br/gov/caixa/siget/entity/ViewUnidade.java,147,147
EI2,EI_EXPOSE_REP2,MALICIOUS_CODE,2,ViewUnidade.java,br/gov/caixa/siget/entity/ViewUnidade.java,,
EI2,EI_EXPOSE_REP2,MALICIOUS_CODE,2,ViewUnidade.java,br/gov/caixa/siget/entity/ViewUnidade.java,62,76
EI2,EI_EXPOSE_REP2,MALICIOUS_CODE,2,ViewUnidade.java,br/gov/caixa/siget/entity/ViewUnidade.java,,
EI2,EI_EXPOSE_REP2,MALICIOUS_CODE,2,,,,
EI2,EI_EXPOSE_REP2,MALICIOUS_CODE,2,ViewUnidade.java,br/gov/caixa/siget/entity/ViewUnidade.java,73,73
EI2,EI_EXPOSE_REP2,MALICIOUS_CODE,2,ViewUnidade.java,br/gov/caixa/siget/entity/ViewUnidade.java,,
EI2,EI_EXPOSE_REP2,MALICIOUS_CODE,2,ViewUnidade.java,br/gov/caixa/siget/entity/ViewUnidade.java,62,76
EI2,EI_EXPOSE_REP2,MALICIOUS_CODE,2,ViewUnidade.java,br/gov/caixa/siget/entity/ViewUnidade.java,,
EI2,EI_EXPOSE_REP2,MALICIOUS_CODE,2,,,,
EI2,EI_EXPOSE_REP2,MALICIOUS_CODE,2,ViewUnidade.java,br/gov/caixa/siget/entity/ViewUnidade.java,72,72
EI2,EI_EXPOSE_REP2,MALICIOUS_CODE,2,ViewUnidade.java,br/gov/caixa/siget/entity/ViewUnidade.java,,
EI2,EI_EXPOSE_REP2,MALICIOUS_CODE,2,ViewUnidade.java,br/gov/caixa/siget/entity/ViewUnidade.java,159,160
EI2,EI_EXPOSE_REP2,MALICIOUS_CODE,2,ViewUnidade.java,br/gov/caixa/siget/entity/ViewUnidade.java,,
EI2,EI_EXPOSE_REP2,MALICIOUS_CODE,2,,,,
EI2,EI_EXPOSE_REP2,MALICIOUS_CODE,2,ViewUnidade.java,br/gov/caixa/siget/entity/ViewUnidade.java,159,159
EI2,EI_EXPOSE_REP2,MALICIOUS_CODE,2,ViewUnidade.java,br/gov/caixa/siget/entity/ViewUnidade.java,,
EI2,EI_EXPOSE_REP2,MALICIOUS_CODE,2,ViewUnidade.java,br/gov/caixa/siget/entity/ViewUnidade.java,151,152
EI2,EI_EXPOSE_REP2,MALICIOUS_CODE,2,ViewUnidade.java,br/gov/caixa/siget/entity/ViewUnidade.java,,
EI2,EI_EXPOSE_REP2,MALICIOUS_CODE,2,,,,
EI2,EI_EXPOSE_REP2,MALICIOUS_CODE,2,ViewUnidade.java,br/gov/caixa/siget/entity/ViewUnidade.java,151,151
DLS,DLS_DEAD_LOCAL_STORE,STYLE,2,AutorizaOrcamentoBean.java,br/gov/caixa/siget/service/AutorizaOrcamentoBean.java,,
DLS,DLS_DEAD_LOCAL_STORE,STYLE,2,AutorizaOrcamentoBean.java,br/gov/caixa/siget/service/AutorizaOrcamentoBean.java,114,166
DLS,DLS_DEAD_LOCAL_STORE,STYLE,2,,,,
DLS,DLS_DEAD_LOCAL_STORE,STYLE,2,AutorizaOrcamentoBean.java,br/gov/caixa/siget/service/AutorizaOrcamentoBean.java,118,118
DLS,DLS_DEAD_LOCAL_STORE,STYLE,2,,,,
DLS,DLS_DEAD_LOCAL_STORE,STYLE,2,,,,
DLS,DLS_DEAD_LOCAL_STORE,STYLE,2,,,,
DLS,DLS_DEAD_LOCAL_STORE,STYLE,2,,,,
DLS,DLS_DEAD_LOCAL_STORE,STYLE,3,AutorizaOrcamentoBean.java,br/gov/caixa/siget/service/AutorizaOrcamentoBean.java,,
DLS,DLS_DEAD_LOCAL_STORE,STYLE,3,AutorizaOrcamentoBean.java,br/gov/caixa/siget/service/AutorizaOrcamentoBean.java,114,166
DLS,DLS_DEAD_LOCAL_STORE,STYLE,3,,,,
DLS,DLS_DEAD_LOCAL_STORE,STYLE,3,,,,
DLS,DLS_DEAD_LOCAL_STORE,STYLE,3,,,,
DLS,DLS_DEAD_LOCAL_STORE,STYLE,3,,,,
NP,NP_LOAD_OF_KNOWN_NULL_VALUE,STYLE,2,ConsultaDominioBean.java,br/gov/caixa/siget/service/ConsultaDominioBean.java,,
NP,NP_LOAD_OF_KNOWN_NULL_VALUE,STYLE,2,ConsultaDominioBean.java,br/gov/caixa/siget/service/ConsultaDominioBean.java,29,61
NP,NP_LOAD_OF_KNOWN_NULL_VALUE,STYLE,2,,,,
NP,NP_LOAD_OF_KNOWN_NULL_VALUE,STYLE,2,ConsultaDominioBean.java,br/gov/caixa/siget/service/ConsultaDominioBean.java,45,45
RCN,RCN_REDUNDANT_NULLCHECK_OF_NULL_VALUE,STYLE,3,ConsultaDominioBean.java,br/gov/caixa/siget/service/ConsultaDominioBean.java,,
RCN,RCN_REDUNDANT_NULLCHECK_OF_NULL_VALUE,STYLE,3,ConsultaDominioBean.java,br/gov/caixa/siget/service/ConsultaDominioBean.java,29,61
RCN,RCN_REDUNDANT_NULLCHECK_OF_NULL_VALUE,STYLE,3,,,,
RCN,RCN_REDUNDANT_NULLCHECK_OF_NULL_VALUE,STYLE,3,ConsultaDominioBean.java,br/gov/caixa/siget/service/ConsultaDominioBean.java,45,45
DLS,DLS_DEAD_LOCAL_STORE,STYLE,2,HistoricoDemandaBean.java,br/gov/caixa/siget/service/HistoricoDemandaBean.java,,
DLS,DLS_DEAD_LOCAL_STORE,STYLE,2,HistoricoDemandaBean.java,br/gov/caixa/siget/service/HistoricoDemandaBean.java,159,166
DLS,DLS_DEAD_LOCAL_STORE,STYLE,2,,,,
DLS,DLS_DEAD_LOCAL_STORE,STYLE,2,HistoricoDemandaBean.java,br/gov/caixa/siget/service/HistoricoDemandaBean.java,159,159
DLS,DLS_DEAD_LOCAL_STORE,STYLE,2,,,,
DLS,DLS_DEAD_LOCAL_STORE,STYLE,2,,,,
DLS,DLS_DEAD_LOCAL_STORE,STYLE,2,,,,
DLS,DLS_DEAD_LOCAL_STORE,STYLE,2,,,,
RC,RC_REF_COMPARISON,CORRECTNESS,1,HistoricoDemandaBean.java,br/gov/caixa/siget/service/HistoricoDemandaBean.java,,
RC,RC_REF_COMPARISON,CORRECTNESS,1,HistoricoDemandaBean.java,br/gov/caixa/siget/service/HistoricoDemandaBean.java,73,154
RC,       /RC_REF_COMPARISON,CORRECTNESS,1,Integer.java,java/lang/Integer.java,52,1590
RC,RC_REF_COMPARISON,CORRECTNESS,1,ConsultaHistorico.java,br/gov/caixa/siget/entity/ConsultaHistorico.java,35,35
RC,RC_REF_COMPARISON,CORRECTNESS,1,HistoricoDemanda.java,br/gov/caixa/siget/entity/HistoricoDemanda.java,209,209
RC,RC_REF_COMPARISON,CORRECTNESS,1,HistoricoDemandaBean.java,br/gov/caixa/siget/service/HistoricoDemandaBean.java,118,118
RC,RC_REF_COMPARISON,CORRECTNESS,1,HistoricoDemandaBean.java,br/gov/caixa/siget/service/HistoricoDemandaBean.java,149,149
DLS,DLS_DEAD_LOCAL_STORE,STYLE,2,HistoricoOrcamentoBean.java,br/gov/caixa/siget/service/HistoricoOrcamentoBean.java,,
DLS,DLS_DEAD_LOCAL_STORE,STYLE,2,HistoricoOrcamentoBean.java,br/gov/caixa/siget/service/HistoricoOrcamentoBean.java,52,55
DLS,DLS_DEAD_LOCAL_STORE,STYLE,2,,,,
DLS,DLS_DEAD_LOCAL_STORE,STYLE,2,HistoricoOrcamentoBean.java,br/gov/caixa/siget/service/HistoricoOrcamentoBean.java,52,52
DLS,DLS_DEAD_LOCAL_STORE,STYLE,2,,,,
DLS,DLS_DEAD_LOCAL_STORE,STYLE,2,,,,
DLS,DLS_DEAD_LOCAL_STORE,STYLE,2,,,,
DLS,DLS_DEAD_LOCAL_STORE,STYLE,2,,,,
DLS,DLS_DEAD_LOCAL_STORE,STYLE,2,ManterAmbienteBean.java,br/gov/caixa/siget/service/ManterAmbienteBean.java,,
DLS,DLS_DEAD_LOCAL_STORE,STYLE,2,ManterAmbienteBean.java,br/gov/caixa/siget/service/ManterAmbienteBean.java,94,102
DLS,DLS_DEAD_LOCAL_STORE,STYLE,2,,,,
DLS,DLS_DEAD_LOCAL_STORE,STYLE,2,ManterAmbienteBean.java,br/gov/caixa/siget/service/ManterAmbienteBean.java,96,96
DLS,DLS_DEAD_LOCAL_STORE,STYLE,2,,,,
DLS,DLS_DEAD_LOCAL_STORE,STYLE,2,,,,
DLS,DLS_DEAD_LOCAL_STORE,STYLE,2,,,,
DLS,DLS_DEAD_LOCAL_STORE,STYLE,2,,,,
DLS,DLS_DEAD_LOCAL_STORE,STYLE,2,ManterBemBean.java,br/gov/caixa/siget/service/ManterBemBean.java,,
DLS,DLS_DEAD_LOCAL_STORE,STYLE,2,ManterBemBean.java,br/gov/caixa/siget/service/ManterBemBean.java,96,107
DLS,DLS_DEAD_LOCAL_STORE,STYLE,2,,,,
DLS,DLS_DEAD_LOCAL_STORE,STYLE,2,ManterBemBean.java,br/gov/caixa/siget/service/ManterBemBean.java,101,101
DLS,DLS_DEAD_LOCAL_STORE,STYLE,2,,,,
DLS,DLS_DEAD_LOCAL_STORE,STYLE,2,,,,
DLS,DLS_DEAD_LOCAL_STORE,STYLE,2,,,,
DLS,DLS_DEAD_LOCAL_STORE,STYLE,2,,,,
DLS,DLS_DEAD_LOCAL_STORE,STYLE,2,ManterCanalBean.java,br/gov/caixa/siget/service/ManterCanalBean.java,,
DLS,DLS_DEAD_LOCAL_STORE,STYLE,2,ManterCanalBean.java,br/gov/caixa/siget/service/ManterCanalBean.java,107,115
DLS,DLS_DEAD_LOCAL_STORE,STYLE,2,,,,
DLS,DLS_DEAD_LOCAL_STORE,STYLE,2,ManterCanalBean.java,br/gov/caixa/siget/service/ManterCanalBean.java,109,109
DLS,DLS_DEAD_LOCAL_STORE,STYLE,2,,,,
DLS,DLS_DEAD_LOCAL_STORE,STYLE,2,,,,
DLS,DLS_DEAD_LOCAL_STORE,STYLE,2,,,,
DLS,DLS_DEAD_LOCAL_STORE,STYLE,2,,,,
NP,NP_NULL_ON_SOME_PATH,CORRECTNESS,2,ManterCompromissoBean.java,br/gov/caixa/siget/service/ManterCompromissoBean.java,,
NP,NP_NULL_ON_SOME_PATH,CORRECTNESS,2,ManterCompromissoBean.java,br/gov/caixa/siget/service/ManterCompromissoBean.java,115,137
NP,NP_NULL_ON_SOME_PATH,CORRECTNESS,2,,,,
NP,NP_NULL_ON_SOME_PATH,CORRECTNESS,2,ManterCompromissoBean.java,br/gov/caixa/siget/service/ManterCompromissoBean.java,125,125
NP,NP_NULL_ON_SOME_PATH,CORRECTNESS,2,ManterCompromissoBean.java,br/gov/caixa/siget/service/ManterCompromissoBean.java,116,116
NP,NP_NULL_ON_SOME_PATH,CORRECTNESS,2,ManterCompromissoBean.java,br/gov/caixa/siget/service/ManterCompromissoBean.java,117,117
DLS,DLS_DEAD_LOCAL_STORE,STYLE,2,ManterContatoFornecedorBean.java,br/gov/caixa/siget/service/ManterContatoFornecedorBean.java,,
DLS,DLS_DEAD_LOCAL_STORE,STYLE,2,ManterContatoFornecedorBean.java,br/gov/caixa/siget/service/ManterContatoFornecedorBean.java,58,73
DLS,DLS_DEAD_LOCAL_STORE,STYLE,2,,,,
DLS,DLS_DEAD_LOCAL_STORE,STYLE,2,ManterContatoFornecedorBean.java,br/gov/caixa/siget/service/ManterContatoFornecedorBean.java,59,59
DLS,DLS_DEAD_LOCAL_STORE,STYLE,2,,,,
DLS,DLS_DEAD_LOCAL_STORE,STYLE,2,,,,
DLS,DLS_DEAD_LOCAL_STORE,STYLE,2,,,,
DLS,DLS_DEAD_LOCAL_STORE,STYLE,2,,,,
DB,DB_DUPLICATE_BRANCHES,STYLE,2,ManterDemandaBean.java,br/gov/caixa/siget/service/ManterDemandaBean.java,,
DB,DB_DUPLICATE_BRANCHES,STYLE,2,ManterDemandaBean.java,br/gov/caixa/siget/service/ManterDemandaBean.java,1205,1270
DB,DB_DUPLICATE_BRANCHES,STYLE,2,ManterDemandaBean.java,br/gov/caixa/siget/service/ManterDemandaBean.java,1253,1253
DB,DB_DUPLICATE_BRANCHES,STYLE,2,ManterDemandaBean.java,br/gov/caixa/siget/service/ManterDemandaBean.java,1255,1255
DLS,DLS_DEAD_LOCAL_STORE,STYLE,2,ManterDemandaBean.java,br/gov/caixa/siget/service/ManterDemandaBean.java,,
DLS,DLS_DEAD_LOCAL_STORE,STYLE,2,ManterDemandaBean.java,br/gov/caixa/siget/service/ManterDemandaBean.java,1784,1844
DLS,DLS_DEAD_LOCAL_STORE,STYLE,2,,,,
DLS,DLS_DEAD_LOCAL_STORE,STYLE,2,ManterDemandaBean.java,br/gov/caixa/siget/service/ManterDemandaBean.java,1788,1788
DLS,DLS_DEAD_LOCAL_STORE,STYLE,2,,,,
DLS,DLS_DEAD_LOCAL_STORE,STYLE,2,,,,
DLS,DLS_DEAD_LOCAL_STORE,STYLE,2,,,,
DLS,DLS_DEAD_LOCAL_STORE,STYLE,2,,,,
DLS,DLS_DEAD_LOCAL_STORE,STYLE,2,ManterDemandaBean.java,br/gov/caixa/siget/service/ManterDemandaBean.java,,
DLS,DLS_DEAD_LOCAL_STORE,STYLE,2,ManterDemandaBean.java,br/gov/caixa/siget/service/ManterDemandaBean.java,1714,1778
DLS,DLS_DEAD_LOCAL_STORE,STYLE,2,,,,
DLS,DLS_DEAD_LOCAL_STORE,STYLE,2,ManterDemandaBean.java,br/gov/caixa/siget/service/ManterDemandaBean.java,1718,1718
DLS,DLS_DEAD_LOCAL_STORE,STYLE,2,,,,
DLS,DLS_DEAD_LOCAL_STORE,STYLE,2,,,,
DLS,DLS_DEAD_LOCAL_STORE,STYLE,2,,,,
DLS,DLS_DEAD_LOCAL_STORE,STYLE,2,,,,
DLS,DLS_DEAD_LOCAL_STORE,STYLE,2,ManterDemandaBean.java,br/gov/caixa/siget/service/ManterDemandaBean.java,,
DLS,DLS_DEAD_LOCAL_STORE,STYLE,2,ManterDemandaBean.java,br/gov/caixa/siget/service/ManterDemandaBean.java,1913,1959
DLS,DLS_DEAD_LOCAL_STORE,STYLE,2,,,,
DLS,DLS_DEAD_LOCAL_STORE,STYLE,2,ManterDemandaBean.java,br/gov/caixa/siget/service/ManterDemandaBean.java,1918,1918
DLS,DLS_DEAD_LOCAL_STORE,STYLE,2,,,,
DLS,DLS_DEAD_LOCAL_STORE,STYLE,2,,,,
DLS,DLS_DEAD_LOCAL_STORE,STYLE,2,,,,
DLS,DLS_DEAD_LOCAL_STORE,STYLE,2,,,,
DLS,DLS_DEAD_LOCAL_STORE,STYLE,2,ManterDemandaBean.java,br/gov/caixa/siget/service/ManterDemandaBean.java,,
DLS,DLS_DEAD_LOCAL_STORE,STYLE,2,ManterDemandaBean.java,br/gov/caixa/siget/service/ManterDemandaBean.java,1594,1642
DLS,DLS_DEAD_LOCAL_STORE,STYLE,2,,,,
DLS,DLS_DEAD_LOCAL_STORE,STYLE,2,ManterDemandaBean.java,br/gov/caixa/siget/service/ManterDemandaBean.java,1598,1598
DLS,DLS_DEAD_LOCAL_STORE,STYLE,2,,,,
DLS,DLS_DEAD_LOCAL_STORE,STYLE,2,,,,
DLS,DLS_DEAD_LOCAL_STORE,STYLE,2,,,,
DLS,DLS_DEAD_LOCAL_STORE,STYLE,2,,,,
DLS,DLS_DEAD_LOCAL_STORE,STYLE,2,ManterDemandaBean.java,br/gov/caixa/siget/service/ManterDemandaBean.java,,
DLS,DLS_DEAD_LOCAL_STORE,STYLE,2,ManterDemandaBean.java,br/gov/caixa/siget/service/ManterDemandaBean.java,1850,1908
DLS,DLS_DEAD_LOCAL_STORE,STYLE,2,,,,
DLS,DLS_DEAD_LOCAL_STORE,STYLE,2,ManterDemandaBean.java,br/gov/caixa/siget/service/ManterDemandaBean.java,1854,1854
DLS,DLS_DEAD_LOCAL_STORE,STYLE,2,,,,
DLS,DLS_DEAD_LOCAL_STORE,STYLE,2,,,,
DLS,DLS_DEAD_LOCAL_STORE,STYLE,2,,,,
DLS,DLS_DEAD_LOCAL_STORE,STYLE,2,,,,
DLS,DLS_DEAD_LOCAL_STORE,STYLE,2,ManterDemandaBean.java,br/gov/caixa/siget/service/ManterDemandaBean.java,,
DLS,DLS_DEAD_LOCAL_STORE,STYLE,2,ManterDemandaBean.java,br/gov/caixa/siget/service/ManterDemandaBean.java,1405,1462
DLS,DLS_DEAD_LOCAL_STORE,STYLE,2,,,,
DLS,DLS_DEAD_LOCAL_STORE,STYLE,2,ManterDemandaBean.java,br/gov/caixa/siget/service/ManterDemandaBean.java,1412,1412
DLS,DLS_DEAD_LOCAL_STORE,STYLE,2,,,,
DLS,DLS_DEAD_LOCAL_STORE,STYLE,2,,,,
DLS,DLS_DEAD_LOCAL_STORE,STYLE,2,,,,
DLS,DLS_DEAD_LOCAL_STORE,STYLE,2,,,,
DLS,DLS_DEAD_LOCAL_STORE,STYLE,2,ManterDemandaBean.java,br/gov/caixa/siget/service/ManterDemandaBean.java,,
DLS,DLS_DEAD_LOCAL_STORE,STYLE,2,ManterDemandaBean.java,br/gov/caixa/siget/service/ManterDemandaBean.java,1647,1708
DLS,DLS_DEAD_LOCAL_STORE,STYLE,2,,,,
DLS,DLS_DEAD_LOCAL_STORE,STYLE,2,ManterDemandaBean.java,br/gov/caixa/siget/service/ManterDemandaBean.java,1652,1652
DLS,DLS_DEAD_LOCAL_STORE,STYLE,2,,,,
DLS,DLS_DEAD_LOCAL_STORE,STYLE,2,,,,
DLS,DLS_DEAD_LOCAL_STORE,STYLE,2,,,,
DLS,DLS_DEAD_LOCAL_STORE,STYLE,2,,,,
DLS,DLS_DEAD_LOCAL_STORE,STYLE,2,ManterDemandaBean.java,br/gov/caixa/siget/service/ManterDemandaBean.java,,
DLS,DLS_DEAD_LOCAL_STORE,STYLE,2,ManterDemandaBean.java,br/gov/caixa/siget/service/ManterDemandaBean.java,499,522
DLS,DLS_DEAD_LOCAL_STORE,STYLE,2,,,,
DLS,DLS_DEAD_LOCAL_STORE,STYLE,2,ManterDemandaBean.java,br/gov/caixa/siget/service/ManterDemandaBean.java,499,499
DLS,DLS_DEAD_LOCAL_STORE,STYLE,2,,,,
DLS,DLS_DEAD_LOCAL_STORE,STYLE,2,,,,
DLS,DLS_DEAD_LOCAL_STORE,STYLE,2,,,,
DLS,DLS_DEAD_LOCAL_STORE,STYLE,2,,,,
DLS,DLS_DEAD_LOCAL_STORE,STYLE,3,ManterDemandaBean.java,br/gov/caixa/siget/service/ManterDemandaBean.java,,
DLS,DLS_DEAD_LOCAL_STORE,STYLE,3,ManterDemandaBean.java,br/gov/caixa/siget/service/ManterDemandaBean.java,1784,1844
DLS,DLS_DEAD_LOCAL_STORE,STYLE,3,,,,
DLS,DLS_DEAD_LOCAL_STORE,STYLE,3,,,,
DLS,DLS_DEAD_LOCAL_STORE,STYLE,3,,,,
DLS,DLS_DEAD_LOCAL_STORE,STYLE,3,,,,
DLS,DLS_DEAD_LOCAL_STORE,STYLE,3,ManterDemandaBean.java,br/gov/caixa/siget/service/ManterDemandaBean.java,,
DLS,DLS_DEAD_LOCAL_STORE,STYLE,3,ManterDemandaBean.java,br/gov/caixa/siget/service/ManterDemandaBean.java,1469,1588
DLS,DLS_DEAD_LOCAL_STORE,STYLE,3,,,,
DLS,DLS_DEAD_LOCAL_STORE,STYLE,3,ManterDemandaBean.java,br/gov/caixa/siget/service/ManterDemandaBean.java,1473,1473
DLS,DLS_DEAD_LOCAL_STORE,STYLE,3,,,,
DLS,DLS_DEAD_LOCAL_STORE,STYLE,3,,,,
DLS,DLS_DEAD_LOCAL_STORE,STYLE,3,,,,
DLS,DLS_DEAD_LOCAL_STORE,STYLE,3,,,,
DLS,DLS_DEAD_LOCAL_STORE,STYLE,3,,,,
DLS,DLS_DEAD_LOCAL_STORE,STYLE,3,ManterDemandaBean.java,br/gov/caixa/siget/service/ManterDemandaBean.java,,
DLS,DLS_DEAD_LOCAL_STORE,STYLE,3,ManterDemandaBean.java,br/gov/caixa/siget/service/ManterDemandaBean.java,1714,1778
DLS,DLS_DEAD_LOCAL_STORE,STYLE,3,,,,
DLS,DLS_DEAD_LOCAL_STORE,STYLE,3,,,,
DLS,DLS_DEAD_LOCAL_STORE,STYLE,3,,,,
DLS,DLS_DEAD_LOCAL_STORE,STYLE,3,,,,
DLS,DLS_DEAD_LOCAL_STORE,STYLE,3,ManterDemandaBean.java,br/gov/caixa/siget/service/ManterDemandaBean.java,,
DLS,DLS_DEAD_LOCAL_STORE,STYLE,3,ManterDemandaBean.java,br/gov/caixa/siget/service/ManterDemandaBean.java,1913,1959
DLS,DLS_DEAD_LOCAL_STORE,STYLE,3,,,,
DLS,DLS_DEAD_LOCAL_STORE,STYLE,3,,,,
DLS,DLS_DEAD_LOCAL_STORE,STYLE,3,,,,
DLS,DLS_DEAD_LOCAL_STORE,STYLE,3,,,,
DLS,DLS_DEAD_LOCAL_STORE,STYLE,3,ManterDemandaBean.java,br/gov/caixa/siget/service/ManterDemandaBean.java,,
DLS,DLS_DEAD_LOCAL_STORE,STYLE,3,ManterDemandaBean.java,br/gov/caixa/siget/service/ManterDemandaBean.java,1594,1642
DLS,DLS_DEAD_LOCAL_STORE,STYLE,3,,,,
DLS,DLS_DEAD_LOCAL_STORE,STYLE,3,,,,
DLS,DLS_DEAD_LOCAL_STORE,STYLE,3,,,,
DLS,DLS_DEAD_LOCAL_STORE,STYLE,3,,,,
DLS,DLS_DEAD_LOCAL_STORE,STYLE,3,ManterDemandaBean.java,br/gov/caixa/siget/service/ManterDemandaBean.java,,
DLS,DLS_DEAD_LOCAL_STORE,STYLE,3,ManterDemandaBean.java,br/gov/caixa/siget/service/ManterDemandaBean.java,1850,1908
DLS,DLS_DEAD_LOCAL_STORE,STYLE,3,,,,
DLS,DLS_DEAD_LOCAL_STORE,STYLE,3,,,,
DLS,DLS_DEAD_LOCAL_STORE,STYLE,3,,,,
DLS,DLS_DEAD_LOCAL_STORE,STYLE,3,,,,
DLS,DLS_DEAD_LOCAL_STORE,STYLE,3,ManterDemandaBean.java,br/gov/caixa/siget/service/ManterDemandaBean.java,,
DLS,DLS_DEAD_LOCAL_STORE,STYLE,3,ManterDemandaBean.java,br/gov/caixa/siget/service/ManterDemandaBean.java,1405,1462
DLS,DLS_DEAD_LOCAL_STORE,STYLE,3,,,,
DLS,DLS_DEAD_LOCAL_STORE,STYLE,3,,,,
DLS,DLS_DEAD_LOCAL_STORE,STYLE,3,,,,
DLS,DLS_DEAD_LOCAL_STORE,STYLE,3,,,,
DLS,DLS_DEAD_LOCAL_STORE,STYLE,3,ManterDemandaBean.java,br/gov/caixa/siget/service/ManterDemandaBean.java,,
DLS,DLS_DEAD_LOCAL_STORE,STYLE,3,ManterDemandaBean.java,br/gov/caixa/siget/service/ManterDemandaBean.java,1647,1708
DLS,DLS_DEAD_LOCAL_STORE,STYLE,3,,,,
DLS,DLS_DEAD_LOCAL_STORE,STYLE,3,,,,
DLS,DLS_DEAD_LOCAL_STORE,STYLE,3,,,,
DLS,DLS_DEAD_LOCAL_STORE,STYLE,3,,,,
Dm,DM_CONVERT_CASE,I18N,3,ManterDemandaBean.java,br/gov/caixa/siget/service/ManterDemandaBean.java,,
Dm,DM_CONVERT_CASE,I18N,3,ManterDemandaBean.java,br/gov/caixa/siget/service/ManterDemandaBean.java,1966,2005
Dm,DM_CONVERT_CASE,I18N,3,ManterDemandaBean.java,br/gov/caixa/siget/service/ManterDemandaBean.java,1990,1990
Dm,DM_CONVERT_CASE,I18N,3,ManterDemandaBean.java,br/gov/caixa/siget/service/ManterDemandaBean.java,1992,1992
Dm,DM_CONVERT_CASE,I18N,3,ManterDemandaBean.java,br/gov/caixa/siget/service/ManterDemandaBean.java,,
Dm,DM_CONVERT_CASE,I18N,3,ManterDemandaBean.java,br/gov/caixa/siget/service/ManterDemandaBean.java,866,889
Dm,DM_CONVERT_CASE,I18N,3,ManterDemandaBean.java,br/gov/caixa/siget/service/ManterDemandaBean.java,874,874
Dm,DM_CONVERT_CASE,I18N,3,ManterDemandaBean.java,br/gov/caixa/siget/service/ManterDemandaBean.java,,
Dm,DM_CONVERT_CASE,I18N,3,ManterDemandaBean.java,br/gov/caixa/siget/service/ManterDemandaBean.java,323,422
Dm,DM_CONVERT_CASE,I18N,3,ManterDemandaBean.java,br/gov/caixa/siget/service/ManterDemandaBean.java,346,346
Dm,DM_CONVERT_CASE,I18N,3,ManterDemandaBean.java,br/gov/caixa/siget/service/ManterDemandaBean.java,357,357
Bx,DM_NUMBER_CTOR,PERFORMANCE,2,ManterDemandaBean.java,br/gov/caixa/siget/service/ManterDemandaBean.java,,
Bx,DM_NUMBER_CTOR,PERFORMANCE,2,ManterDemandaBean.java,br/gov/caixa/siget/service/ManterDemandaBean.java,827,840
Bx,DM_NUMBER_CTOR,PERFORMANCE,2,Integer.java,java/lang/Integer.java,849,851
Bx,DM_NUMBER_CTOR,PERFORMANCE,2,Integer.java,java/lang/Integer.java,830,832
Bx,DM_NUMBER_CTOR,PERFORMANCE,2,ManterDemandaBean.java,br/gov/caixa/siget/service/ManterDemandaBean.java,836,836
Bx,DM_NUMBER_CTOR,PERFORMANCE,2,ManterDemandaBean.java,br/gov/caixa/siget/service/ManterDemandaBean.java,,
Bx,DM_NUMBER_CTOR,PERFORMANCE,2,ManterDemandaBean.java,br/gov/caixa/siget/service/ManterDemandaBean.java,640,654
Bx,DM_NUMBER_CTOR,PERFORMANCE,2,Integer.java,java/lang/Integer.java,849,851
Bx,DM_NUMBER_CTOR,PERFORMANCE,2,Integer.java,java/lang/Integer.java,830,832
Bx,DM_NUMBER_CTOR,PERFORMANCE,2,ManterDemandaBean.java,br/gov/caixa/siget/service/ManterDemandaBean.java,646,646
Bx,DM_NUMBER_CTOR,PERFORMANCE,2,ManterDemandaBean.java,br/gov/caixa/siget/service/ManterDemandaBean.java,652,652
Bx,DM_NUMBER_CTOR,PERFORMANCE,2,ManterDemandaBean.java,br/gov/caixa/siget/service/ManterDemandaBean.java,,
Bx,DM_NUMBER_CTOR,PERFORMANCE,2,ManterDemandaBean.java,br/gov/caixa/siget/service/ManterDemandaBean.java,241,282
Bx,DM_NUMBER_CTOR,PERFORMANCE,2,Integer.java,java/lang/Integer.java,866,868
Bx,DM_NUMBER_CTOR,PERFORMANCE,2,Integer.java,java/lang/Integer.java,766,766
Bx,DM_NUMBER_CTOR,PERFORMANCE,2,ManterDemandaBean.java,br/gov/caixa/siget/service/ManterDemandaBean.java,244,244
Bx,DM_NUMBER_CTOR,PERFORMANCE,2,ManterDemandaBean.java,br/gov/caixa/siget/service/ManterDemandaBean.java,,
Bx,DM_NUMBER_CTOR,PERFORMANCE,2,ManterDemandaBean.java,br/gov/caixa/siget/service/ManterDemandaBean.java,577,599
Bx,DM_NUMBER_CTOR,PERFORMANCE,2,Long.java,java/lang/Long.java,964,966
Bx,DM_NUMBER_CTOR,PERFORMANCE,2,Long.java,java/lang/Long.java,803,803
Bx,DM_NUMBER_CTOR,PERFORMANCE,2,ManterDemandaBean.java,br/gov/caixa/siget/service/ManterDemandaBean.java,592,592
Bx,DM_NUMBER_CTOR,PERFORMANCE,2,ManterDemandaBean.java,br/gov/caixa/siget/service/ManterDemandaBean.java,,
Bx,DM_NUMBER_CTOR,PERFORMANCE,2,ManterDemandaBean.java,br/gov/caixa/siget/service/ManterDemandaBean.java,544,570
Bx,DM_NUMBER_CTOR,PERFORMANCE,2,Long.java,java/lang/Long.java,964,966
Bx,DM_NUMBER_CTOR,PERFORMANCE,2,Long.java,java/lang/Long.java,803,803
Bx,DM_NUMBER_CTOR,PERFORMANCE,2,ManterDemandaBean.java,br/gov/caixa/siget/service/ManterDemandaBean.java,559,559
Bx,DM_NUMBER_CTOR,PERFORMANCE,2,ManterDemandaBean.java,br/gov/caixa/siget/service/ManterDemandaBean.java,,
Bx,DM_NUMBER_CTOR,PERFORMANCE,2,ManterDemandaBean.java,br/gov/caixa/siget/service/ManterDemandaBean.java,286,312
Bx,DM_NUMBER_CTOR,PERFORMANCE,2,Integer.java,java/lang/Integer.java,866,868
Bx,DM_NUMBER_CTOR,PERFORMANCE,2,Integer.java,java/lang/Integer.java,766,766
Bx,DM_NUMBER_CTOR,PERFORMANCE,2,ManterDemandaBean.java,br/gov/caixa/siget/service/ManterDemandaBean.java,291,291
EC,EC_UNRELATED_TYPES,CORRECTNESS,1,ManterDemandaBean.java,br/gov/caixa/siget/service/ManterDemandaBean.java,,
EC,EC_UNRELATED_TYPES,CORRECTNESS,1,ManterDemandaBean.java,br/gov/caixa/siget/service/ManterDemandaBean.java,1097,1139
EC,       /EC_UNRELATED_TYPES,CORRECTNESS,1,BigDecimal.java,java/math/BigDecimal.java,220,5220
EC,       /EC_UNRELATED_TYPES,CORRECTNESS,1,Long.java,java/lang/Long.java,54,1615
EC,EC_UNRELATED_TYPES,CORRECTNESS,1,,,,
EC,EC_UNRELATED_TYPES,CORRECTNESS,1,ViewUnidadeId.java,br/gov/caixa/siget/entity/ViewUnidadeId.java,32,32
EC,EC_UNRELATED_TYPES,CORRECTNESS,1,Long.java,java/lang/Long.java,1075,1078
EC,EC_UNRELATED_TYPES,CORRECTNESS,1,ManterDemandaBean.java,br/gov/caixa/siget/service/ManterDemandaBean.java,1134,1134
EC,EC_UNRELATED_TYPES,CORRECTNESS,1,ManterDemandaBean.java,br/gov/caixa/siget/service/ManterDemandaBean.java,,
EC,EC_UNRELATED_TYPES,CORRECTNESS,1,ManterDemandaBean.java,br/gov/caixa/siget/service/ManterDemandaBean.java,323,422
EC,       /EC_UNRELATED_TYPES,CORRECTNESS,1,Integer.java,java/lang/Integer.java,52,1590
EC,       /EC_UNRELATED_TYPES,CORRECTNESS,1,Long.java,java/lang/Long.java,54,1615
EC,EC_UNRELATED_TYPES,CORRECTNESS,1,Integer.java,java/lang/Integer.java,830,832
EC,EC_UNRELATED_TYPES,CORRECTNESS,1,Demanda.java,br/gov/caixa/siget/entity/Demanda.java,543,543
EC,EC_UNRELATED_TYPES,CORRECTNESS,1,Long.java,java/lang/Long.java,1075,1078
EC,EC_UNRELATED_TYPES,CORRECTNESS,1,ManterDemandaBean.java,br/gov/caixa/siget/service/ManterDemandaBean.java,349,349
EC,EC_UNRELATED_TYPES,CORRECTNESS,1,ManterDemandaBean.java,br/gov/caixa/siget/service/ManterDemandaBean.java,,
EC,EC_UNRELATED_TYPES,CORRECTNESS,1,ManterDemandaBean.java,br/gov/caixa/siget/service/ManterDemandaBean.java,617,627
EC,       /EC_UNRELATED_TYPES,CORRECTNESS,1,BigDecimal.java,java/math/BigDecimal.java,220,5220
EC,       /EC_UNRELATED_TYPES,CORRECTNESS,1,Long.java,java/lang/Long.java,54,1615
EC,EC_UNRELATED_TYPES,CORRECTNESS,1,BigDecimal.java,java/math/BigDecimal.java,806,807
EC,EC_UNRELATED_TYPES,CORRECTNESS,1,Demanda.java,br/gov/caixa/siget/entity/Demanda.java,543,543
EC,EC_UNRELATED_TYPES,CORRECTNESS,1,Long.java,java/lang/Long.java,1075,1078
EC,EC_UNRELATED_TYPES,CORRECTNESS,1,ManterDemandaBean.java,br/gov/caixa/siget/service/ManterDemandaBean.java,619,619
ES,ES_COMPARING_PARAMETER_STRING_WITH_EQ,BAD_PRACTICE,1,ManterDemandaBean.java,br/gov/caixa/siget/service/ManterDemandaBean.java,,
ES,ES_COMPARING_PARAMETER_STRING_WITH_EQ,BAD_PRACTICE,1,ManterDemandaBean.java,br/gov/caixa/siget/service/ManterDemandaBean.java,1041,1092
ES,       /ES_COMPARING_PARAMETER_STRING_WITH_EQ,BAD_PRACTICE,1,String.java,java/lang/String.java,111,3128
ES,ES_COMPARING_PARAMETER_STRING_WITH_EQ,BAD_PRACTICE,1,,,,
ES,ES_COMPARING_PARAMETER_STRING_WITH_EQ,BAD_PRACTICE,1,,,,
ES,ES_COMPARING_PARAMETER_STRING_WITH_EQ,BAD_PRACTICE,1,ManterDemandaBean.java,br/gov/caixa/siget/service/ManterDemandaBean.java,1085,1085
ES,ES_COMPARING_PARAMETER_STRING_WITH_EQ,BAD_PRACTICE,1,,,,
NP,NP_LOAD_OF_KNOWN_NULL_VALUE,STYLE,3,ManterDemandaBean.java,br/gov/caixa/siget/service/ManterDemandaBean.java,,
NP,NP_LOAD_OF_KNOWN_NULL_VALUE,STYLE,3,ManterDemandaBean.java,br/gov/caixa/siget/service/ManterDemandaBean.java,1392,1398
NP,NP_LOAD_OF_KNOWN_NULL_VALUE,STYLE,3,,,,
NP,NP_LOAD_OF_KNOWN_NULL_VALUE,STYLE,3,ManterDemandaBean.java,br/gov/caixa/siget/service/ManterDemandaBean.java,1393,1393
RCN,RCN_REDUNDANT_NULLCHECK_OF_NULL_VALUE,STYLE,3,ManterDemandaBean.java,br/gov/caixa/siget/service/ManterDemandaBean.java,,
RCN,RCN_REDUNDANT_NULLCHECK_OF_NULL_VALUE,STYLE,3,ManterDemandaBean.java,br/gov/caixa/siget/service/ManterDemandaBean.java,1392,1398
RCN,RCN_REDUNDANT_NULLCHECK_OF_NULL_VALUE,STYLE,3,,,,
RCN,RCN_REDUNDANT_NULLCHECK_OF_NULL_VALUE,STYLE,3,ManterDemandaBean.java,br/gov/caixa/siget/service/ManterDemandaBean.java,1393,1393
RCN,RCN_REDUNDANT_NULLCHECK_WOULD_HAVE_BEEN_A_NPE,CORRECTNESS,2,ManterDemandaBean.java,br/gov/caixa/siget/service/ManterDemandaBean.java,,
RCN,RCN_REDUNDANT_NULLCHECK_WOULD_HAVE_BEEN_A_NPE,CORRECTNESS,2,ManterDemandaBean.java,br/gov/caixa/siget/service/ManterDemandaBean.java,427,478
RCN,RCN_REDUNDANT_NULLCHECK_WOULD_HAVE_BEEN_A_NPE,CORRECTNESS,2,,,,
RCN,RCN_REDUNDANT_NULLCHECK_WOULD_HAVE_BEEN_A_NPE,CORRECTNESS,2,ManterDemandaBean.java,br/gov/caixa/siget/service/ManterDemandaBean.java,435,435
RCN,RCN_REDUNDANT_NULLCHECK_WOULD_HAVE_BEEN_A_NPE,CORRECTNESS,2,ManterDemandaBean.java,br/gov/caixa/siget/service/ManterDemandaBean.java,461,461
RV,RV_RETURN_VALUE_IGNORED_NO_SIDE_EFFECT,STYLE,2,ManterDemandaBean.java,br/gov/caixa/siget/service/ManterDemandaBean.java,,
RV,RV_RETURN_VALUE_IGNORED_NO_SIDE_EFFECT,STYLE,2,ManterDemandaBean.java,br/gov/caixa/siget/service/ManterDemandaBean.java,753,817
RV,RV_RETURN_VALUE_IGNORED_NO_SIDE_EFFECT,STYLE,2,List.java,java/util/List.java,,
RV,RV_RETURN_VALUE_IGNORED_NO_SIDE_EFFECT,STYLE,2,ManterDemandaBean.java,br/gov/caixa/siget/service/ManterDemandaBean.java,755,755
RV,RV_RETURN_VALUE_IGNORED_NO_SIDE_EFFECT,STYLE,2,ManterDemandaBean.java,br/gov/caixa/siget/service/ManterDemandaBean.java,756,756
RV,RV_RETURN_VALUE_IGNORED_NO_SIDE_EFFECT,STYLE,2,ManterDemandaBean.java,br/gov/caixa/siget/service/ManterDemandaBean.java,757,757
Se,SE_BAD_FIELD,BAD_PRACTICE,2,ManterDemandaBean.java,br/gov/caixa/siget/service/ManterDemandaBean.java,,
Se,SE_BAD_FIELD,BAD_PRACTICE,2,ManterDemandaBean.java,br/gov/caixa/siget/service/ManterDemandaBean.java,,
Se,       /SE_BAD_FIELD,BAD_PRACTICE,2,ConsultaDominio.java,br/gov/caixa/siget/service/ConsultaDominio.java,,
WMI,WMI_WRONG_MAP_ITERATOR,PERFORMANCE,2,ManterDemandaBean.java,br/gov/caixa/siget/service/ManterDemandaBean.java,,
WMI,WMI_WRONG_MAP_ITERATOR,PERFORMANCE,2,ManterDemandaBean.java,br/gov/caixa/siget/service/ManterDemandaBean.java,323,422
WMI,WMI_WRONG_MAP_ITERATOR,PERFORMANCE,2,ManterDemandaBean.java,br/gov/caixa/siget/service/ManterDemandaBean.java,416,416
DLS,DLS_DEAD_LOCAL_STORE,STYLE,2,ManterFornecedorBean.java,br/gov/caixa/siget/service/ManterFornecedorBean.java,,
DLS,DLS_DEAD_LOCAL_STORE,STYLE,2,ManterFornecedorBean.java,br/gov/caixa/siget/service/ManterFornecedorBean.java,139,167
DLS,DLS_DEAD_LOCAL_STORE,STYLE,2,,,,
DLS,DLS_DEAD_LOCAL_STORE,STYLE,2,ManterFornecedorBean.java,br/gov/caixa/siget/service/ManterFornecedorBean.java,139,139
DLS,DLS_DEAD_LOCAL_STORE,STYLE,2,,,,
DLS,DLS_DEAD_LOCAL_STORE,STYLE,2,,,,
DLS,DLS_DEAD_LOCAL_STORE,STYLE,2,,,,
DLS,DLS_DEAD_LOCAL_STORE,STYLE,2,,,,
DLS,DLS_DEAD_LOCAL_STORE,STYLE,3,ManterFornecedorBean.java,br/gov/caixa/siget/service/ManterFornecedorBean.java,,
DLS,DLS_DEAD_LOCAL_STORE,STYLE,3,ManterFornecedorBean.java,br/gov/caixa/siget/service/ManterFornecedorBean.java,173,178
DLS,DLS_DEAD_LOCAL_STORE,STYLE,3,,,,
DLS,DLS_DEAD_LOCAL_STORE,STYLE,3,ManterFornecedorBean.java,br/gov/caixa/siget/service/ManterFornecedorBean.java,176,176
DLS,DLS_DEAD_LOCAL_STORE,STYLE,3,,,,
DLS,DLS_DEAD_LOCAL_STORE,STYLE,3,,,,
DLS,DLS_DEAD_LOCAL_STORE,STYLE,3,,,,
DLS,DLS_DEAD_LOCAL_STORE,STYLE,3,,,,
DLS,DLS_DEAD_LOCAL_STORE,STYLE,3,,,,
RV,RV_RETURN_VALUE_IGNORED_NO_SIDE_EFFECT,STYLE,2,ManterFornecedorBean.java,br/gov/caixa/siget/service/ManterFornecedorBean.java,,
RV,RV_RETURN_VALUE_IGNORED_NO_SIDE_EFFECT,STYLE,2,ManterFornecedorBean.java,br/gov/caixa/siget/service/ManterFornecedorBean.java,280,285
RV,RV_RETURN_VALUE_IGNORED_NO_SIDE_EFFECT,STYLE,2,List.java,java/util/List.java,,
RV,RV_RETURN_VALUE_IGNORED_NO_SIDE_EFFECT,STYLE,2,ManterFornecedorBean.java,br/gov/caixa/siget/service/ManterFornecedorBean.java,282,282
DLS,DLS_DEAD_LOCAL_STORE,STYLE,2,ManterGrupoFornecedorBean.java,br/gov/caixa/siget/service/ManterGrupoFornecedorBean.java,,
DLS,DLS_DEAD_LOCAL_STORE,STYLE,2,ManterGrupoFornecedorBean.java,br/gov/caixa/siget/service/ManterGrupoFornecedorBean.java,56,71
DLS,DLS_DEAD_LOCAL_STORE,STYLE,2,,,,
DLS,DLS_DEAD_LOCAL_STORE,STYLE,2,ManterGrupoFornecedorBean.java,br/gov/caixa/siget/service/ManterGrupoFornecedorBean.java,57,57
DLS,DLS_DEAD_LOCAL_STORE,STYLE,2,,,,
DLS,DLS_DEAD_LOCAL_STORE,STYLE,2,,,,
DLS,DLS_DEAD_LOCAL_STORE,STYLE,2,,,,
DLS,DLS_DEAD_LOCAL_STORE,STYLE,2,,,,
DLS,DLS_DEAD_LOCAL_STORE,STYLE,2,ManterItemOrcamentarioBean.java,br/gov/caixa/siget/service/ManterItemOrcamentarioBean.java,,
DLS,DLS_DEAD_LOCAL_STORE,STYLE,2,ManterItemOrcamentarioBean.java,br/gov/caixa/siget/service/ManterItemOrcamentarioBean.java,164,173
DLS,DLS_DEAD_LOCAL_STORE,STYLE,2,,,,
DLS,DLS_DEAD_LOCAL_STORE,STYLE,2,ManterItemOrcamentarioBean.java,br/gov/caixa/siget/service/ManterItemOrcamentarioBean.java,167,167
DLS,DLS_DEAD_LOCAL_STORE,STYLE,2,,,,
DLS,DLS_DEAD_LOCAL_STORE,STYLE,2,,,,
DLS,DLS_DEAD_LOCAL_STORE,STYLE,2,,,,
DLS,DLS_DEAD_LOCAL_STORE,STYLE,2,,,,
DLS,DLS_DEAD_LOCAL_STORE,STYLE,2,ManterObjetivoEstrategicoBean.java,br/gov/caixa/siget/service/ManterObjetivoEstrategicoBean.java,,
DLS,DLS_DEAD_LOCAL_STORE,STYLE,2,ManterObjetivoEstrategicoBean.java,br/gov/caixa/siget/service/ManterObjetivoEstrategicoBean.java,136,144
DLS,DLS_DEAD_LOCAL_STORE,STYLE,2,,,,
DLS,DLS_DEAD_LOCAL_STORE,STYLE,2,ManterObjetivoEstrategicoBean.java,br/gov/caixa/siget/service/ManterObjetivoEstrategicoBean.java,138,138
DLS,DLS_DEAD_LOCAL_STORE,STYLE,2,,,,
DLS,DLS_DEAD_LOCAL_STORE,STYLE,2,,,,
DLS,DLS_DEAD_LOCAL_STORE,STYLE,2,,,,
DLS,DLS_DEAD_LOCAL_STORE,STYLE,2,,,,
DLS,DLS_DEAD_LOCAL_STORE,STYLE,2,ManterOrcamentoBean.java,br/gov/caixa/siget/service/ManterOrcamentoBean.java,,
DLS,DLS_DEAD_LOCAL_STORE,STYLE,2,ManterOrcamentoBean.java,br/gov/caixa/siget/service/ManterOrcamentoBean.java,389,435
DLS,DLS_DEAD_LOCAL_STORE,STYLE,2,,,,
DLS,DLS_DEAD_LOCAL_STORE,STYLE,2,ManterOrcamentoBean.java,br/gov/caixa/siget/service/ManterOrcamentoBean.java,394,394
DLS,DLS_DEAD_LOCAL_STORE,STYLE,2,,,,
DLS,DLS_DEAD_LOCAL_STORE,STYLE,2,,,,
DLS,DLS_DEAD_LOCAL_STORE,STYLE,2,,,,
DLS,DLS_DEAD_LOCAL_STORE,STYLE,2,,,,
Bx,DM_NUMBER_CTOR,PERFORMANCE,2,ManterOrcamentoBean.java,br/gov/caixa/siget/service/ManterOrcamentoBean.java,,
Bx,DM_NUMBER_CTOR,PERFORMANCE,2,ManterOrcamentoBean.java,br/gov/caixa/siget/service/ManterOrcamentoBean.java,329,332
Bx,DM_NUMBER_CTOR,PERFORMANCE,2,Long.java,java/lang/Long.java,947,949
Bx,DM_NUMBER_CTOR,PERFORMANCE,2,Long.java,java/lang/Long.java,837,840
Bx,DM_NUMBER_CTOR,PERFORMANCE,2,ManterOrcamentoBean.java,br/gov/caixa/siget/service/ManterOrcamentoBean.java,331,331
Bx,DM_NUMBER_CTOR,PERFORMANCE,2,ManterOrcamentoBean.java,br/gov/caixa/siget/service/ManterOrcamentoBean.java,,
Bx,DM_NUMBER_CTOR,PERFORMANCE,2,ManterOrcamentoBean.java,br/gov/caixa/siget/service/ManterOrcamentoBean.java,320,323
Bx,DM_NUMBER_CTOR,PERFORMANCE,2,Long.java,java/lang/Long.java,947,949
Bx,DM_NUMBER_CTOR,PERFORMANCE,2,Long.java,java/lang/Long.java,837,840
Bx,DM_NUMBER_CTOR,PERFORMANCE,2,ManterOrcamentoBean.java,br/gov/caixa/siget/service/ManterOrcamentoBean.java,322,322
RV,RV_RETURN_VALUE_IGNORED_NO_SIDE_EFFECT,STYLE,2,ManterOrcamentoBean.java,br/gov/caixa/siget/service/ManterOrcamentoBean.java,,
RV,RV_RETURN_VALUE_IGNORED_NO_SIDE_EFFECT,STYLE,2,ManterOrcamentoBean.java,br/gov/caixa/siget/service/ManterOrcamentoBean.java,209,219
RV,RV_RETURN_VALUE_IGNORED_NO_SIDE_EFFECT,STYLE,2,List.java,java/util/List.java,,
RV,RV_RETURN_VALUE_IGNORED_NO_SIDE_EFFECT,STYLE,2,ManterOrcamentoBean.java,br/gov/caixa/siget/service/ManterOrcamentoBean.java,210,210
DLS,DLS_DEAD_LOCAL_STORE,STYLE,2,ManterPadestBean.java,br/gov/caixa/siget/service/ManterPadestBean.java,,
DLS,DLS_DEAD_LOCAL_STORE,STYLE,2,ManterPadestBean.java,br/gov/caixa/siget/service/ManterPadestBean.java,107,116
DLS,DLS_DEAD_LOCAL_STORE,STYLE,2,,,,
DLS,DLS_DEAD_LOCAL_STORE,STYLE,2,ManterPadestBean.java,br/gov/caixa/siget/service/ManterPadestBean.java,110,110
DLS,DLS_DEAD_LOCAL_STORE,STYLE,2,,,,
DLS,DLS_DEAD_LOCAL_STORE,STYLE,2,,,,
DLS,DLS_DEAD_LOCAL_STORE,STYLE,2,,,,
DLS,DLS_DEAD_LOCAL_STORE,STYLE,2,,,,
DLS,DLS_DEAD_LOCAL_STORE,STYLE,2,ManterPlataformaBean.java,br/gov/caixa/siget/service/ManterPlataformaBean.java,,
DLS,DLS_DEAD_LOCAL_STORE,STYLE,2,ManterPlataformaBean.java,br/gov/caixa/siget/service/ManterPlataformaBean.java,109,117
DLS,DLS_DEAD_LOCAL_STORE,STYLE,2,,,,
DLS,DLS_DEAD_LOCAL_STORE,STYLE,2,ManterPlataformaBean.java,br/gov/caixa/siget/service/ManterPlataformaBean.java,111,111
DLS,DLS_DEAD_LOCAL_STORE,STYLE,2,,,,
DLS,DLS_DEAD_LOCAL_STORE,STYLE,2,,,,
DLS,DLS_DEAD_LOCAL_STORE,STYLE,2,,,,
DLS,DLS_DEAD_LOCAL_STORE,STYLE,2,,,,
Bx,BX_UNBOXING_IMMEDIATELY_REBOXED,PERFORMANCE,2,ManterProjetoBean.java,br/gov/caixa/siget/service/ManterProjetoBean.java,,
Bx,BX_UNBOXING_IMMEDIATELY_REBOXED,PERFORMANCE,2,ManterProjetoBean.java,br/gov/caixa/siget/service/ManterProjetoBean.java,59,85
Bx,BX_UNBOXING_IMMEDIATELY_REBOXED,PERFORMANCE,2,Integer.java,java/lang/Integer.java,830,832
Bx,BX_UNBOXING_IMMEDIATELY_REBOXED,PERFORMANCE,2,ManterProjetoBean.java,br/gov/caixa/siget/service/ManterProjetoBean.java,67,67
DLS,DLS_DEAD_LOCAL_STORE,STYLE,2,ManterProjetoBean.java,br/gov/caixa/siget/service/ManterProjetoBean.java,,
DLS,DLS_DEAD_LOCAL_STORE,STYLE,2,ManterProjetoBean.java,br/gov/caixa/siget/service/ManterProjetoBean.java,92,97
DLS,DLS_DEAD_LOCAL_STORE,STYLE,2,,,,
DLS,DLS_DEAD_LOCAL_STORE,STYLE,2,ManterProjetoBean.java,br/gov/caixa/siget/service/ManterProjetoBean.java,92,92
DLS,DLS_DEAD_LOCAL_STORE,STYLE,2,,,,
